{"cameraMode":{"drawMode":0,"name":"Shaded","section":"Shading Mode"},"sceneLighting":true,"audioPlay":false,"sceneViewState":{"m_AlwaysRefresh":false,"showFog":true,"showSkybox":true,"showFlares":true,"showImageEffects":true,"showParticleSystems":true,"showVisualEffectGraphs":true,"m_FxEnabled":true},"in2DMode":false,"pivot":{"x":753.2559204101563,"y":99.8797378540039,"z":-0.01345968246459961},"rotation":{"x":-0.0029998323880136015,"y":-0.010499761439859867,"z":-0.00003149952317471616,"w":0.9999402761459351},"size":156.63658142089845,"orthographic":true}