{"cameraMode":{"drawMode":0,"name":"Shaded","section":"Shading Mode"},"sceneLighting":true,"audioPlay":false,"sceneViewState":{"m_AlwaysRefresh":false,"showFog":true,"showSkybox":true,"showFlares":true,"showImageEffects":true,"showParticleSystems":true,"showVisualEffectGraphs":true,"m_FxEnabled":true},"in2DMode":false,"pivot":{"x":425.6999816894531,"y":1.2345038652420045,"z":426.16400146484377},"rotation":{"x":-0.17056378722190858,"y":0.07471414655447006,"z":-0.012984024360775948,"w":-0.9824458360671997},"size":209.50347900390626,"orthographic":true}