{"cameraMode":{"drawMode":0,"name":"Shaded","section":"Shading Mode"},"sceneLighting":true,"audioPlay":false,"sceneViewState":{"m_AlwaysRefresh":false,"showFog":true,"showSkybox":true,"showFlares":true,"showImageEffects":true,"showParticleSystems":true,"showVisualEffectGraphs":true,"m_FxEnabled":true},"in2DMode":false,"pivot":{"x":872.1762084960938,"y":504.43170166015627,"z":56.95440673828125},"rotation":{"x":0.05394190177321434,"y":-0.03444305434823036,"z":0.0018617460737004877,"w":0.9979527592658997},"size":751.3815307617188,"orthographic":true}