{"cameraMode":{"drawMode":0,"name":"Shaded","section":"Shading Mode"},"sceneLighting":true,"audioPlay":false,"sceneViewState":{"m_AlwaysRefresh":false,"showFog":true,"showSkybox":true,"showFlares":true,"showImageEffects":true,"showParticleSystems":true,"showVisualEffectGraphs":true,"m_FxEnabled":true},"in2DMode":false,"pivot":{"x":507.66143798828127,"y":29.23077392578125,"z":557.7056274414063},"rotation":{"x":0.23209106922149659,"y":0.19907169044017793,"z":-0.048613857477903369,"w":0.9509050250053406},"size":104.61842346191406,"orthographic":true}