{"cameraMode":{"drawMode":0,"name":"Shaded","section":"Shading Mode"},"sceneLighting":false,"audioPlay":false,"sceneViewState":{"m_AlwaysRefresh":false,"showFog":true,"showSkybox":false,"showFlares":true,"showImageEffects":true,"showParticleSystems":true,"showVisualEffectGraphs":true,"m_FxEnabled":true},"in2DMode":false,"pivot":{"x":554.4600219726563,"y":128.2433624267578,"z":-0.6003570556640625},"rotation":{"x":-0.004498352762311697,"y":-0.026996461674571039,"z":-0.00012148448149673641,"w":0.9996258616447449},"size":103.07734680175781,"orthographic":true}