{"cameraMode":{"drawMode":0,"name":"Shaded","section":"Shading Mode"},"sceneLighting":false,"audioPlay":false,"sceneViewState":{"m_AlwaysRefresh":false,"showFog":true,"showSkybox":false,"showFlares":true,"showImageEffects":true,"showParticleSystems":true,"showVisualEffectGraphs":true,"m_FxEnabled":true},"in2DMode":false,"pivot":{"x":0.9952999353408814,"y":0.07369999587535858,"z":0.9531999826431274},"rotation":{"x":-0.19907720386981965,"y":-0.21926958858966828,"z":0.045755308121442798,"w":-0.954047679901123},"size":1.438812494277954,"orthographic":false}