{"cameraMode":{"drawMode":0,"name":"Shaded","section":"Shading Mode"},"sceneLighting":false,"audioPlay":false,"sceneViewState":{"m_AlwaysRefresh":false,"showFog":true,"showSkybox":false,"showFlares":true,"showImageEffects":true,"showParticleSystems":true,"showVisualEffectGraphs":true,"m_FxEnabled":true},"in2DMode":false,"pivot":{"x":-1.7600314617156983,"y":1.1948163509368897,"z":-4.378954887390137},"rotation":{"x":0.23209106922149659,"y":0.19907169044017793,"z":-0.048613857477903369,"w":0.9509050250053406},"size":1.5634472370147706,"orthographic":true}