{"cameraMode":{"drawMode":0,"name":"Shaded","section":"Shading Mode"},"sceneLighting":false,"audioPlay":false,"sceneViewState":{"m_AlwaysRefresh":false,"showFog":true,"showSkybox":false,"showFlares":true,"showImageEffects":true,"showParticleSystems":true,"showVisualEffectGraphs":true,"m_FxEnabled":true},"in2DMode":false,"pivot":{"x":0.7891373634338379,"y":1.4881504774093629,"z":-0.18533802032470704},"rotation":{"x":0.05221490189433098,"y":-0.9444116950035095,"z":0.18485166132450105,"w":0.2667986750602722},"size":1.416428804397583,"orthographic":false}