{"cameraMode":{"drawMode":0,"name":"Shaded","section":"Shading Mode"},"sceneLighting":false,"audioPlay":false,"sceneViewState":{"m_AlwaysRefresh":false,"showFog":true,"showSkybox":false,"showFlares":true,"showImageEffects":true,"showParticleSystems":true,"showVisualEffectGraphs":true,"m_FxEnabled":true},"in2DMode":false,"pivot":{"x":1.475000262260437,"y":1.7089335918426514,"z":-0.14570023119449616},"rotation":{"x":-0.012958969920873642,"y":0.9466201663017273,"z":0.03835916146636009,"w":0.3198009729385376},"size":2.2434160709381105,"orthographic":true}