{"cameraMode":{"drawMode":0,"name":"Shaded","section":"Shading Mode"},"sceneLighting":false,"audioPlay":false,"sceneViewState":{"m_AlwaysRefresh":false,"showFog":true,"showSkybox":false,"showFlares":true,"showImageEffects":true,"showParticleSystems":true,"showVisualEffectGraphs":true,"m_FxEnabled":true},"in2DMode":false,"pivot":{"x":2.8382391929626467,"y":0.5259324908256531,"z":-0.6932821273803711},"rotation":{"x":0.05394190177321434,"y":-0.03444305434823036,"z":0.0018617460737004877,"w":0.9979527592658997},"size":0.04342423751950264,"orthographic":true}