{"cameraMode":{"drawMode":0,"name":"Shaded","section":"Shading Mode"},"sceneLighting":false,"audioPlay":false,"sceneViewState":{"m_AlwaysRefresh":false,"showFog":true,"showSkybox":false,"showFlares":true,"showImageEffects":true,"showParticleSystems":true,"showVisualEffectGraphs":true,"m_FxEnabled":true},"in2DMode":false,"pivot":{"x":-1.7178418636322022,"y":-0.4605400562286377,"z":-0.29342156648635867},"rotation":{"x":0.3352763056755066,"y":0.022607969120144845,"z":-0.008049695752561093,"w":0.9418162703514099},"size":4.405073165893555,"orthographic":false}